Variable,Distribution,Parameters,KS p-value,Sum of Squared Errors,AIC,BIC
Inter-Arrival Time (Days),weibull_min,"(1.0240023635022566, 0.9740231038768862, 162.48705319762033)",7.360546414228485e-07,6.336084155005011e-07,,
Inter-Arrival Time (Days),expon,"(1.0, 160.9521378572384)",2.880470034902857e-10,8.251913784217034e-07,,
Inter-Arrival Time (Days),pareto,"(26684749.28742955, -4294967295.0, 4294967295.9999995)",2.880383381309852e-10,8.251917699272512e-07,,
Inter-Arrival Time (Days),lognorm,"(0.9062002166315953, -14.742803906893057, 122.38936468826795)",8.128811396326959e-65,1.3446174441671731e-05,,
Order Profit Per Order,expon,"(-4274.97998, 4296.954968638594)",0.0,9.469440740973503e-05,,
Order Profit Per Order,pareto,"(63970395.5670673, -274877911218.97986, 274877906943.99988)",0.0,9.469440744068141e-05,,
Order Profit Per Order,weibull_min,"(0.1031085964074373, -4274.979980000001, 1.7730628183730581)",0.0,9.808480459342329e-05,,
Order Profit Per Order,lognorm,"(10.103658006109034, -3442.500000000001, 0.5186334041581315)",0.0,9.8547500403049e-05,,
